,Nominee,Nominations,First,Last,Last - First,born
8,Albert Basserman,1,1940,1940,0,1867
127,George Arliss,2,1929,1929,0,1868
151,Henry Travers,1,1942,1942,0,1874
142,H. B. Warner,1,1937,1937,0,1875
54,Charles Coburn,3,1941,1946,5,1877
101,Edmund Gwenn,2,1947,1950,3,1877
147,Harry Carey,1,1939,1939,0,1878
248,Lionel Barrymore,1,1930,1930,0,1878
246,Lewis Stone,1,1928,1928,0,1879
371,Sydney Greenstreet,1,1941,1941,0,1879
92,Donald Crisp,1,1941,1941,0,1882
128,George Bancroft,1,1928,1928,0,1882
182,James Gleason,1,1941,1941,0,1882
402,Walter Huston,4,1936,1948,12,1883
105,Emil Jannings,1,1927,1927,0,1884
107,Erich von Stroheim,1,1950,1950,0,1885
400,Wallace Beery,2,1929,1931,2,1885
97,Ed Wynn,1,1959,1959,0,1886
397,Victor McLaglen,2,1935,1952,17,1886
345,Roland Young,1,1937,1937,0,1887
26,Barry Fitzgerald,2,1944,1944,0,1888
260,Maurice Chevalier,1,1929,1929,0,1888
278,Monty Woolley,2,1942,1944,2,1888
53,Charles Chaplin,1,1940,1940,0,1889
66,Claude Rains,4,1939,1946,7,1889
68,Clifton Webb,3,1944,1948,4,1889
184,James Stephenson,1,1940,1940,0,1889
361,Sessue Hayakawa,1,1957,1957,0,1889
405,Warner Baxter,1,1928,1928,0,1889
1,Adolphe Menjou,1,1930,1930,0,1890
114,Frank Morgan,2,1934,1942,8,1890
366,Stanley Holloway,1,1964,1964,0,1890
51,Charles Bickford,3,1943,1948,5,1891
124,Gene Lockhart,1,1938,1938,0,1891
265,Michael Chekhov,1,1945,1945,0,1891
291,Paul Lukas,1,1943,1943,0,1891
347,Ronald Colman,3,1929,1947,18,1891
355,Sam Jaffe,1,1950,1950,0,1891
14,Alfred Lunt,1,1931,1931,0,1892
27,Basil Rathbone,2,1936,1938,2,1892
379,Thomas Mitchell,2,1937,1939,2,1892
410,William Demarest,1,1946,1946,0,1892
416,William Powell,3,1934,1947,13,1892
50,Cecil Kellaway,2,1948,1967,19,1893
244,Leslie Howard,2,1932,1938,6,1893
316,Richard Dix,1,1930,1930,0,1893
401,Walter Brennan,4,1936,1941,5,1894
249,Louis Calhern,1,1950,1950,0,1895
292,Paul Muni,6,1928,1959,31,1895
313,Richard Barthelmess,1,1927,1927,0,1895
129,George Burns,1,1975,1975,0,1896
159,J. Carrol Naish,2,1943,1945,2,1896
219,Joseph Schildkraut,1,1937,1937,0,1896
236,Lawrence Tibbett,1,1929,1929,0,1896
310,Raymond Massey,1,1940,1940,0,1896
118,Fredric March,5,1930,1951,21,1897
404,Walter Pidgeon,2,1942,1943,1,1897
240,Lee Tracy,1,1964,1964,0,1898
288,Oscar Homolka,1,1948,1948,0,1898
3,Akim Tamiroff,2,1936,1943,7,1899
52,Charles Boyer,4,1937,1961,24,1899
56,Charles Laughton,3,1932,1957,25,1899
60,Chief Dan George,1,1970,1970,0,1899
116,Fred Astaire,1,1974,1974,0,1899
155,Humphrey Bogart,3,1943,1954,11,1899
174,James Cagney,3,1938,1955,17,1899
365,Spencer Tracy,9,1936,1967,31,1900
40,Brian Donlevy,1,1939,1939,0,1901
59,Chester Morris,1,1928,1928,0,1901
65,Clark Gable,3,1934,1939,5,1901
95,Ed Begley,1,1962,1962,0,1901
120,Gary Cooper,5,1936,1952,16,1901
179,James Dunn,1,1945,1945,0,1901
239,Lee Strasberg,1,1974,1974,0,1901
263,Melvyn Douglas,3,1963,1979,16,1901
399,Vittorio De Sica,1,1957,1957,0,1901
39,Brian Aherne,1,1939,1939,0,1902
61,Chill Wills,1,1960,1960,0,1902
206,John Houseman,1,1973,1973,0,1902
307,Ralph Richardson,2,1949,1984,35,1902
33,Bing Crosby,3,1944,1954,10,1903
82,Dean Jagger,1,1949,1949,0,1903
165,Jack Oakie,1,1940,1940,0,1903
369,Stuart Erwin,1,1936,1936,0,1903
49,Cary Grant,2,1941,1944,3,1904
205,John Gielgud,2,1964,1981,17,1904
305,Ralph Bellamy,1,1937,1937,0,1904
332,Robert Montgomery,2,1937,1941,4,1904
112,Franchot Tone,1,1935,1935,0,1905
150,Henry Fonda,2,1940,1981,41,1905
241,Leo Genn,1,1951,1951,0,1905
276,Mischa Auer,1,1936,1936,0,1905
309,Ray Milland,1,1945,1945,0,1905
326,Robert Donat,2,1938,1939,1,1905
377,Thomas Gomez,1,1947,1947,0,1905
411,William Gargan,1,1940,1940,0,1905
98,Eddie Albert,2,1953,1972,19,1906
134,George Sanders,1,1950,1950,0,1906
208,John Huston,1,1963,1963,0,1906
409,William Bendix,1,1942,1942,0,1906
13,Alexander Knox,1,1944,1944,0,1907
44,Burgess Meredith,2,1975,1976,1,1907
160,Jack Albertson,1,1968,1968,0,1907
212,John Marley,1,1970,1970,0,1907
215,John Wayne,2,1949,1969,20,1907
235,Laurence Olivier,9,1939,1978,39,1907
25,Arthur O'Connell,2,1955,1959,4,1908
89,Don Ameche,1,1985,1985,0,1908
161,Jack Gilford,1,1973,1973,0,1908
185,James Stewart,5,1939,1959,20,1908
213,John Mills,1,1970,1970,0,1908
245,Lew Ayres,1,1948,1948,0,1908
272,Michael Redgrave,1,1947,1947,0,1908
312,Rex Harrison,2,1963,1964,1,1908
333,Robert Morley,1,1938,1938,0,1908
389,Tom Tully,1,1954,1954,0,1908
45,Burl Ives,1,1958,1958,0,1909
183,James Mason,3,1954,1982,28,1909
336,Robert Ryan,1,1947,1947,0,1909
23,Arthur Hunnicutt,1,1952,1952,0,1910
79,David Niven,1,1958,1958,0,1910
395,Van Heflin,1,1942,1942,0,1910
41,Broderick Crawford,1,1949,1949,0,1911
154,Hume Cronyn,1,1944,1944,0,1911
237,Lee J. Cobb,2,1954,1958,4,1911
71,Cornel Wilde,1,1945,1945,0,1912
123,Gene Kelly,1,1945,1945,0,1912
153,Hugh Griffith,2,1959,1963,4,1912
223,Karl Malden,2,1951,1954,3,1912
19,Anthony Quayle,1,1969,1969,0,1913
46,Burt Lancaster,4,1953,1981,28,1913
138,Gig Young,3,1951,1969,18,1913
204,John Garfield,2,1938,1947,9,1913
339,Robert Strauss,1,1953,1953,0,1913
394,Trevor Howard,1,1960,1960,0,1913
12,Alec Guinness,4,1952,1988,36,1914
24,Arthur Kennedy,5,1949,1958,9,1914
145,Harold Russell,1,1946,1946,0,1914
209,John Ireland,1,1949,1949,0,1914
228,Kevin McCarthy,1,1951,1951,0,1914
232,Larry Parks,1,1946,1946,0,1914
322,Richard Widmark,1,1947,1947,0,1914
20,Anthony Quinn,4,1952,1964,12,1915
74,Dan Dailey,1,1948,1948,0,1915
100,Edmond O'Brien,2,1954,1964,10,1915
115,Frank Sinatra,2,1953,1955,2,1915
198,Joe Mantell,1,1955,1955,0,1915
287,Orson Welles,1,1941,1941,0,1915
141,Gregory Peck,5,1945,1962,17,1916
171,Jackie Gleason,1,1961,1961,0,1916
230,Kirk Douglas,3,1949,1956,7,1916
298,Peter Finch,2,1971,1976,5,1916
108,Ernest Borgnine,1,1955,1955,0,1917
331,Robert Mitchum,1,1945,1945,0,1917
22,Art Carney,1,1974,1974,0,1918
28,Ben Johnson,1,1971,1971,0,1918
194,Jeff Chandler,1,1950,1950,0,1918
203,John Dall,1,1945,1945,0,1918
334,Robert Preston,1,1982,1982,0,1918
414,William Holden,3,1950,1976,26,1918
75,Dan O'Herlihy,1,1954,1954,0,1919
166,Jack Palance,3,1952,1991,39,1919
255,Martin Balsam,1,1965,1965,0,1919
311,Red Buttons,1,1957,1957,0,1919
321,Richard Todd,1,1949,1949,0,1919
338,Robert Stack,1,1956,1956,0,1919
167,Jack Warden,2,1975,1978,3,1920
274,Mickey Rooney,4,1939,1979,40,1920
277,Montgomery Clift,4,1948,1961,13,1920
318,Richard Farnsworth,2,1978,1999,21,1920
398,Vincent Gardenia,2,1973,1987,14,1920
403,Walter Matthau,3,1966,1975,9,1920
419,Yul Brynner,1,1956,1956,0,1920
186,James Whitmore,2,1949,1975,26,1921
303,Peter Ustinov,3,1951,1964,13,1921
84,Denholm Elliott,1,1986,1986,0,1922
162,Jack Kruschen,1,1960,1960,0,1922
169,Jackie Cooper,1,1930,1930,0,1922
190,Jason Robards,3,1976,1980,4,1922
289,Oskar Werner,1,1965,1965,0,1922
294,Paul Scofield,2,1966,1994,28,1922
373,Telly Savalas,1,1962,1962,0,1922
55,Charles Durning,2,1982,1983,1,1923
57,Charlton Heston,1,1959,1959,0,1923
67,Cliff Robertson,1,1968,1968,0,1923
87,Dexter Gordon,1,1986,1986,0,1923
273,Michael V. Gazzo,1,1974,1974,0,1923
238,Lee Marvin,1,1965,1965,0,1924
252,Marcello Mastroianni,3,1962,1987,25,1924
254,Marlon Brando,8,1951,1989,38,1924
346,Ron Moody,1,1968,1968,0,1924
376,Theodore Bikel,1,1958,1958,0,1924
133,George Kennedy,1,1967,1967,0,1925
163,Jack Lemmon,8,1955,1982,27,1925
293,Paul Newman,9,1958,2002,44,1925
302,Peter Sellers,2,1964,1979,15,1925
314,Richard Burton,7,1952,1977,25,1925
343,Rock Hudson,1,1956,1956,0,1925
344,Rod Steiger,3,1954,1967,13,1925
392,Tony Curtis,1,1958,1958,0,1925
113,Frank Finlay,1,1965,1965,0,1926
320,Richard Jaeckel,1,1971,1971,0,1926
130,George C. Scott,4,1959,1971,12,1927
297,Peter Falk,2,1960,1961,1,1927
337,Robert Shaw,1,1966,1966,0,1927
349,Rupert Crosse,1,1969,1969,0,1927
363,Sidney Poitier,2,1958,1963,5,1927
413,William Hickey,1,1985,1985,0,1927
16,Anthony Franciosa,1,1957,1957,0,1928
156,Ian Bannen,1,1965,1965,0,1928
175,James Coburn,1,1998,1998,0,1928
181,James Garner,1,1985,1985,0,1928
234,Laurence Harvey,1,1959,1959,0,1928
256,Martin Landau,3,1988,1994,6,1928
370,Stuart Whitman,1,1961,1961,0,1928
91,Don Murray,1,1956,1956,0,1929
202,John Cassavetes,1,1967,1967,0,1929
284,Nigel Hawthorne,1,1994,1994,0,1929
21,Armin Mueller-Stahl,1,1996,1996,0,1930
69,Clint Eastwood,2,1992,2004,12,1930
122,Gene Hackman,5,1967,1992,25,1930
176,James Coco,1,1981,1981,0,1930
262,Maximilian Schell,3,1961,1977,16,1930
319,Richard Harris,2,1963,1990,27,1930
330,Robert Loggia,1,1985,1985,0,1930
359,Sean Connery,1,1987,1987,0,1930
368,Steve McQueen,1,1966,1966,0,1930
157,Ian Holm,1,1981,1981,0,1931
178,James Dean,2,1955,1956,1,1931
180,James Earl Jones,1,1970,1970,0,1931
281,Nick Adams,1,1963,1963,0,1931
323,Rip Torn,1,1983,1983,0,1931
328,Robert Duvall,6,1972,1998,26,1931
18,Anthony Perkins,1,1956,1956,0,1932
200,Joel Grey,1,1972,1972,0,1932
285,Noriyuki 'Pat' Morita,1,1984,1984,0,1932
286,Omar Sharif,1,1962,1962,0,1932
301,Peter O'Toole,8,1962,2006,44,1932
340,Robert Vaughn,1,1959,1959,0,1932
348,Roy Scheider,2,1971,1979,8,1932
0,Adolph Caesar,1,1984,1984,0,1933
77,Daniel Massey,1,1968,1968,0,1933
78,Danny Aiello,1,1989,1989,0,1933
125,Gene Wilder,1,1968,1968,0,1933
251,Mako,1,1966,1966,0,1933
264,Michael Caine,6,1966,2002,36,1933
315,Richard Castellano,1,1970,1970,0,1933
6,Alan Arkin,3,1966,2006,40,1934
7,Alan Bates,1,1968,1968,0,1934
131,George Chakiris,1,1961,1961,0,1934
135,George Segal,1,1966,1966,0,1934
268,Michael Dunn,1,1965,1965,0,1934
350,Russ Tamblyn,1,1957,1957,0,1934
93,Dudley Moore,1,1981,1981,0,1935
220,Judd Hirsch,1,1980,1980,0,1935
362,Seymour Cassel,1,1968,1968,0,1935
393,Topol,1,1971,1971,0,1935
417,Woody Allen,1,1977,1977,0,1935
5,Alan Alda,1,2004,2004,0,1936
10,Albert Finney,5,1963,2000,37,1936
35,Bobby Darin,1,1963,1963,0,1936
43,Bruce Dern,1,1978,1978,0,1936
47,Burt Reynolds,1,1997,1997,0,1936
83,Dean Stockwell,1,1988,1988,0,1936
85,Dennis Hopper,1,1986,1986,0,1936
117,Frederic Forrest,1,1979,1979,0,1936
335,Robert Redford,1,1973,1973,0,1936
17,Anthony Hopkins,4,1991,1997,6,1937
94,Dustin Hoffman,7,1967,1997,30,1937
164,Jack Nicholson,12,1969,2002,33,1937
279,Morgan Freeman,4,1987,2004,17,1937
280,Ned Beatty,1,1976,1976,0,1937
385,Tom Courtenay,2,1965,1983,18,1937
406,Warren Beatty,4,1967,1991,24,1937
104,Elliott Gould,1,1969,1969,0,1938
217,Jon Voight,4,1969,2001,32,1938
242,Leonard Frey,1,1971,1971,0,1938
374,Terence Stamp,1,1962,1962,0,1938
396,Victor Buono,1,1962,1962,0,1938
110,F. Murray Abraham,1,1984,1984,0,1939
148,Harvey Keitel,1,1991,1991,0,1939
158,Ian McKellen,2,1998,2001,3,1939
189,Jason Miller,1,1973,1973,0,1939
269,Michael J. Pollard,1,1967,1967,0,1939
295,Paul Winfield,1,1972,1972,0,1939
354,Sal Mineo,2,1955,1960,5,1939
4,Al Pacino,8,1972,1992,20,1940
48,Burt Young,1,1976,1976,0,1940
143,Haing S. Ngor,1,1984,1984,0,1940
173,James Caan,1,1972,1972,0,1940
177,James Cromwell,1,1995,1995,0,1940
207,John Hurt,2,1978,1980,2,1940
300,Peter Fonda,1,1997,1997,0,1940
357,Sam Waterston,1,1984,1984,0,1940
270,Michael Lerner,1,1991,1991,0,1941
282,Nick Nolte,2,1991,1998,7,1941
329,Robert Forster,1,1997,1997,0,1941
353,Ryan O'Neal,1,1970,1970,0,1941
384,Tom Conti,1,1983,1983,0,1941
34,Bob Hoskins,1,1986,1986,0,1942
38,Brandon De Wilde,1,1953,1953,0,1942
63,Chris Sarandon,1,1975,1975,0,1942
137,Giancarlo Giannini,1,1976,1976,0,1942
146,Harrison Ford,1,1985,1985,0,1942
29,Ben Kingsley,4,1982,2003,21,1943
64,Christopher Walken,2,1978,2002,24,1943
199,Joe Pesci,2,1980,1990,10,1943
231,Klaus Maria Brandauer,1,1985,1985,0,1943
325,Robert De Niro,6,1974,1991,17,1943
356,Sam Shepard,1,1983,1983,0,1943
119,Gary Busey,1,1978,1978,0,1944
267,Michael Douglas,1,1987,1987,0,1944
210,John Lithgow,2,1982,1983,1,1945
42,Bruce Davison,1,1990,1990,0,1946
296,Pete Postlethwaite,1,1993,1993,0,1946
367,Stephen Rea,1,1992,1992,0,1946
372,Sylvester Stallone,1,1976,1976,0,1946
391,Tommy Lee Jones,2,1991,1993,2,1946
9,Albert Brooks,1,1987,1987,0,1947
102,Edward James Olmos,1,1988,1988,0,1947
187,James Woods,2,1986,1996,10,1947
227,Kevin Kline,1,1988,1988,0,1947
317,Richard Dreyfuss,2,1977,1995,18,1947
136,Gerard Depardieu,1,1990,1990,0,1948
195,Jeremy Irons,1,1990,1990,0,1948
275,Mikhail Baryshnikov,1,1977,1977,0,1948
358,Samuel L. Jackson,1,1994,1994,0,1948
390,Tom Wilkinson,1,2001,2001,0,1948
81,David Strathairn,1,2005,2005,0,1949
193,Jeff Bridges,4,1971,2000,29,1949
196,Jim Broadbent,1,2001,2001,0,1949
383,Tom Berenger,1,1986,1986,0,1949
31,Bill Murray,1,2003,2003,0,1950
36,Brad Dourif,1,1975,1975,0,1950
96,Ed Harris,4,1995,2002,7,1950
308,Randy Quaid,1,1973,1973,0,1950
412,William H. Macy,1,1996,1996,0,1950
415,William Hurt,4,1985,2005,20,1950
62,Chris Cooper,1,2002,2002,0,1951
126,Geoffrey Rush,3,1996,2000,4,1951
342,Robin Williams,4,1987,1997,10,1951
58,Chazz Palminteri,1,1994,1994,0,1952
73,Dan Aykroyd,1,1989,1989,0,1952
139,Graham Greene,1,1990,1990,0,1952
168,Jack Wild,1,1968,1968,0,1952
247,Liam Neeson,1,1993,1993,0,1952
341,Roberto Benigni,1,1998,1998,0,1952
211,John Malkovich,2,1984,1993,9,1953
257,Massimo Troisi,1,1995,1995,0,1953
299,Peter Firth,1,1977,1977,0,1953
388,Tom Hulce,1,1984,1984,0,1953
80,David Paymer,1,1992,1992,0,1954
86,Denzel Washington,5,1987,2001,14,1954
214,John Travolta,2,1977,1994,17,1954
32,Billy Bob Thornton,2,1996,1998,2,1955
121,Gary Sinise,1,1994,1994,0,1955
226,Kevin Costner,1,1990,1990,0,1955
271,Michael O'Keefe,1,1980,1980,0,1955
408,Willem Dafoe,2,1986,2000,14,1955
15,Andy Garcia,1,1990,1990,0,1956
106,Eric Roberts,1,1985,1985,0,1956
387,Tom Hanks,5,1988,2000,12,1956
76,Daniel Day-Lewis,3,1989,2002,13,1957
266,Michael Clarke Duncan,1,1999,1999,0,1957
11,Alec Baldwin,1,2003,2003,0,1958
380,Tim Robbins,1,2003,2003,0,1958
224,Ken Watanabe,1,2003,2003,0,1959
229,Kevin Spacey,2,1995,1999,4,1959
225,Kenneth Branagh,1,1989,1989,0,1960
360,Sean Penn,4,1995,2003,8,1960
378,Thomas Haden Church,1,2004,2004,0,1960
382,Timothy Hutton,1,1980,1980,0,1960
99,Eddie Murphy,1,2006,2006,0,1961
111,Forest Whitaker,1,2006,2006,0,1961
132,George Clooney,1,2005,2005,0,1961
170,Jackie Earle Haley,1,2006,2006,0,1961
233,Laurence Fishburne,1,1993,1993,0,1961
381,Tim Roth,1,1995,1995,0,1961
418,Woody Harrelson,1,1996,1996,0,1961
306,Ralph Fiennes,2,1993,1996,3,1962
386,Tom Cruise,3,1989,1999,10,1962
37,Brad Pitt,1,1995,1995,0,1963
140,Greg Kinnear,1,1997,1997,0,1963
216,Johnny Depp,2,2003,2004,1,1963
70,Clive Owen,1,2004,2004,0,1964
88,Djimon Hounsou,2,2003,2006,3,1964
90,Don Cheadle,1,2004,2004,0,1964
259,Matt Dillon,1,2005,2005,0,1964
283,Nicolas Cage,2,1995,2002,7,1964
351,Russell Crowe,3,1999,2001,2,1964
201,John C. Reilly,1,2002,2002,0,1965
30,Benicio Del Toro,2,2000,2003,3,1967
188,Jamie Foxx,2,2004,2004,0,1967
290,Paul Giamatti,1,2005,2005,0,1967
304,Philip Seymour Hoffman,1,2005,2005,0,1967
192,Jaye Davidson,1,1992,1992,0,1968
407,Will Smith,2,2001,2006,5,1968
103,Edward Norton,2,1996,1998,2,1969
191,Javier Bardem,1,2000,2000,0,1969
375,Terrence Howard,1,2005,2005,0,1969
109,Ethan Hawke,1,2001,2001,0,1970
258,Matt Damon,1,1997,1997,0,1970
324,River Phoenix,1,1988,1988,0,1970
222,Justin Henry,1,1979,1979,0,1971
253,Mark Wahlberg,1,2006,2006,0,1971
221,Jude Law,2,1999,2003,4,1972
2,Adrien Brody,1,2002,2002,0,1973
197,Joaquin Phoenix,2,2000,2005,5,1974
243,Leonardo DiCaprio,3,1993,2006,13,1974
149,Heath Ledger,1,2005,2005,0,1979
172,Jake Gyllenhaal,1,2005,2005,0,1980
352,Ryan Gosling,1,2006,2006,0,1980
144,Haley Joel Osment,1,1999,1999,0,1988
