{"data": [[2014, "131011", "1", 19469, 2733.97], [2014, "131011", "2", 18837, 3303.78], [2015, "131011", "1", 20493, 3343.01], [2015, "131011", "2", 15775, 2637.07]], "headers": ["year", "soc", "sex", "num_ppl", "num_ppl_moe"],
                 "source": {"link": "http://census.gov/programs-surveys/acs/technical-documentation/pums.html", "org": "Census Bureau", "table": "pums_1yr.yos", "supported_levels": {"soc": ["0", "1", "2", "3", "all"], "sex": ["all"]}, "dataset": "ACS PUMS 1-year Estimate"},
                 "subs": {},
                 "logic": [{"link": "http://census.gov/programs-surveys/acs/technical-documentation/pums.html", "org": "Census Bureau", "table": "pums_1yr.yos", "supported_levels": {"soc": ["0", "1", "2", "3", "all"], "sex": ["all"]}, "dataset": "ACS PUMS 1-year Estimate"}, {"link": "http://census.gov/programs-surveys/acs/technical-documentation/pums.html", "org": "Census Bureau", "table": "pums_5yr.yoas", "supported_levels": {"soc": ["0", "1", "2", "3", "all"], "age": ["all"], "sex": ["all"]}, "dataset": "ACS PUMS 5-year Estimate"}, {"link": "http://census.gov/programs-surveys/acs/technical-documentation/pums.html", "org": "Census Bureau", "table": "pums_5yr.ygos", "supported_levels": {"soc": ["0", "1", "2", "3", "all"], "geo": ["nation", "state", "puma", "all"], "sex": ["all"]}, "dataset": "ACS PUMS 5-year Estimate"}, {"link": "http://census.gov/programs-surveys/acs/technical-documentation/pums.html", "org": "Census Bureau", "table": "pums_1yr.yoas", "supported_levels": {"soc": ["0", "1", "2", "3", "all"], "age": ["all"], "sex": ["all"]}, "dataset": "ACS PUMS 1-year Estimate"}, {"link": "http://census.gov/programs-surveys/acs/technical-documentation/pums.html", "org": "Census Bureau", "table": "pums_1yr.ygos", "supported_levels": {"soc": ["0", "1", "2", "3", "all"], "geo": ["nation", "state", "puma", "all"], "sex": ["all"]}, "dataset": "ACS PUMS 1-year Estimate"}, {"link": "http://census.gov/programs-surveys/acs/technical-documentation/pums.html", "org": "Census Bureau", "table": "pums_1yr.yios", "supported_levels": {"soc": ["0", "1", "2", "3", "all"], "sex": ["all"], "naics": ["0", "1", "2", "all"]}, "dataset": "ACS PUMS 1-year Estimate"}]
        }